SL158,0,1,09/08/2015,09/09/2015,09/08/2015,09/09/2015,Bangalore
SL159,0,1,09/08/2015,09/09/2015,09/08/2015,09/09/2015,Bangalore
SL160,0,1,09/08/2015,09/09/2015,09/08/2015,09/09/2015,Bangalore
SL162,0,1,09/10/2015,09/11/2015,09/10/2015,09/11/2015,Bangalore
SL164,0,1,09/11/2015,12/10/2015,09/11/2015,10/11/2015,Bangalore
SL164,0,1,09/11/2015,12/10/2015,10/12/2015,11/11/2015,Bangalore
SL164,0,1,09/11/2015,12/10/2015,11/12/2015,12/10/2015,Bangalore
SL165,0,1,09/11/2015,09/12/2015,09/11/2015,09/12/2015,Bangalore
SL168,0,1,09/12/2015,12/11/2015,09/12/2015,10/12/2015,Bangalore
SL168,0,1,09/12/2015,12/11/2015,10/13/2015,11/12/2015,Bangalore
SL168,0,1,09/12/2015,12/11/2015,11/13/2015,12/11/2015,Bangalore
SL169,0,1,09/12/2015,09/13/2015,09/12/2015,09/13/2015,Bangalore
SL170,0,1,09/12/2015,09/13/2015,09/12/2015,09/13/2015,Bangalore
SL171,0,1,09/12/2015,09/13/2015,09/12/2015,09/13/2015,Bangalore
SL172,0,1,09/12/2015,09/13/2015,09/12/2015,09/13/2015,Bangalore
SL176,0,1,09/13/2015,09/14/2015,09/13/2015,09/14/2015,Bangalore
SL177,0,1,09/13/2015,09/14/2015,09/13/2015,09/14/2015,Bangalore
SL178,0,1,09/13/2015,09/15/2015,09/13/2015,09/15/2015,Bangalore
SL179,0,1,09/13/2015,09/14/2015,09/13/2015,09/14/2015,Bangalore
SL180,0,1,09/13/2015,09/14/2015,09/13/2015,09/14/2015,Bangalore
SL183,0,1,09/14/2015,09/15/2015,09/14/2015,09/15/2015,Bangalore
SL184,0,1,09/14/2015,09/15/2015,09/14/2015,09/15/2015,Bangalore
SL189,0,1,09/15/2015,10/15/2015,09/15/2015,10/15/2015,Bangalore
SL190,0,1,09/15/2015,12/14/2015,09/15/2015,10/15/2015,Bangalore
SL190,0,1,09/15/2015,12/14/2015,10/16/2015,11/15/2015,Bangalore
SL190,0,1,09/15/2015,12/14/2015,11/16/2015,12/14/2015,Bangalore
SL191,0,1,09/15/2015,09/16/2015,09/15/2015,09/16/2015,Bangalore
SL192,0,1,09/15/2015,09/16/2015,09/15/2015,09/16/2015,Bangalore
SL193,0,1,09/15/2015,09/16/2015,09/15/2015,09/16/2015,Bangalore
SL195,0,1,09/16/2015,12/15/2015,09/16/2015,10/16/2015,Bangalore
SL195,0,1,09/16/2015,12/15/2015,10/17/2015,11/16/2015,Bangalore
SL195,0,1,09/16/2015,12/15/2015,11/17/2015,12/15/2015,Bangalore
SL196,0,1,09/16/2015,09/17/2015,09/16/2015,09/17/2015,Bangalore
SL199,0,1,09/17/2015,12/16/2015,09/17/2015,10/17/2015,Bangalore
SL199,0,1,09/17/2015,12/16/2015,10/18/2015,11/17/2015,Bangalore
SL199,0,1,09/17/2015,12/16/2015,11/18/2015,12/16/2015,Bangalore
SL200,0,1,09/17/2015,09/18/2015,09/17/2015,09/18/2015,Bangalore
SL201,0,1,09/17/2015,09/18/2015,09/17/2015,09/18/2015,Bangalore
SL207,0,1,09/18/2015,12/17/2015,09/18/2015,10/18/2015,Bangalore
SL207,0,1,09/18/2015,12/17/2015,10/19/2015,11/18/2015,Bangalore
SL207,0,1,09/18/2015,12/17/2015,11/19/2015,12/17/2015,Bangalore
SL208,0,1,09/18/2015,09/19/2015,09/18/2015,09/19/2015,Bangalore
SL209,0,1,09/18/2015,09/20/2015,09/18/2015,09/20/2015,Bangalore
SL218,0,1,09/20/2015,09/21/2015,09/20/2015,09/21/2015,Bangalore
SL219,0,1,09/20/2015,09/21/2015,09/20/2015,09/21/2015,Bangalore
SL223,0,1,09/21/2015,09/23/2015,09/21/2015,09/23/2015,Bangalore
SL224,0,1,09/21/2015,09/22/2015,09/21/2015,09/22/2015,Bangalore
SL225,0,1,09/22/2015,10/22/2015,09/22/2015,10/22/2015,Bangalore
SL226,0,1,09/22/2015,09/23/2015,09/22/2015,09/23/2015,Bangalore
SL227,0,1,09/22/2015,09/23/2015,09/22/2015,09/23/2015,Bangalore
SL229,0,1,09/23/2015,12/22/2015,09/23/2015,10/23/2015,Bangalore
SL229,0,1,09/23/2015,12/22/2015,10/24/2015,11/23/2015,Bangalore
SL229,0,1,09/23/2015,12/22/2015,11/24/2015,12/22/2015,Bangalore
SL232,0,1,09/24/2015,12/23/2015,09/24/2015,10/24/2015,Bangalore
SL232,0,1,09/24/2015,12/23/2015,10/25/2015,11/24/2015,Bangalore
SL232,0,1,09/24/2015,12/23/2015,11/25/2015,12/23/2015,Bangalore
SL233,0,1,09/24/2015,12/23/2015,09/24/2015,10/24/2015,Bangalore
SL233,0,1,09/24/2015,12/23/2015,10/25/2015,11/24/2015,Bangalore
SL233,0,1,09/24/2015,12/23/2015,11/25/2015,12/23/2015,Bangalore
SL234,0,1,09/24/2015,09/25/2015,09/24/2015,09/25/2015,Bangalore
SL235,0,1,09/24/2015,09/25/2015,09/24/2015,09/25/2015,Bangalore
SL239,0,1,09/25/2015,12/24/2015,09/25/2015,10/25/2015,Bangalore
SL239,0,1,09/25/2015,12/24/2015,10/26/2015,11/25/2015,Bangalore
SL239,0,1,09/25/2015,12/24/2015,11/26/2015,12/24/2015,Bangalore
SL240,0,1,09/25/2015,12/24/2015,09/25/2015,10/25/2015,Bangalore
SL240,0,1,09/25/2015,12/24/2015,10/26/2015,11/25/2015,Bangalore
SL240,0,1,09/25/2015,12/24/2015,11/26/2015,12/24/2015,Bangalore
SL241,0,1,09/25/2015,11/24/2015,09/25/2015,10/25/2015,Bangalore
SL241,0,1,09/25/2015,11/24/2015,10/26/2015,11/24/2015,Bangalore
SL242,0,1,09/25/2015,09/26/2015,09/25/2015,09/26/2015,Bangalore
SL243,0,1,09/25/2015,09/26/2015,09/25/2015,09/26/2015,Bangalore
SL251,0,1,09/27/2015,12/26/2015,09/27/2015,10/27/2015,Bangalore
SL251,0,1,09/27/2015,12/26/2015,10/28/2015,11/27/2015,Bangalore
SL251,0,1,09/27/2015,12/26/2015,11/28/2015,12/26/2015,Bangalore
SL252,0,1,09/27/2015,12/26/2015,09/27/2015,10/27/2015,Bangalore
SL252,0,1,09/27/2015,12/26/2015,10/28/2015,11/27/2015,Bangalore
SL252,0,1,09/27/2015,12/26/2015,11/28/2015,12/26/2015,Bangalore
SL257,0,1,09/28/2015,12/27/2015,09/28/2015,10/28/2015,Bangalore
SL257,0,1,09/28/2015,12/27/2015,10/29/2015,11/28/2015,Bangalore
SL257,0,1,09/28/2015,12/27/2015,11/29/2015,12/27/2015,Bangalore
SL258,0,1,09/28/2015,11/27/2015,09/28/2015,10/28/2015,Bangalore
SL258,0,1,09/28/2015,11/27/2015,10/29/2015,11/27/2015,Bangalore
SL260,0,1,09/29/2015,12/28/2015,09/29/2015,10/29/2015,Bangalore
SL260,0,1,09/29/2015,12/28/2015,10/30/2015,11/29/2015,Bangalore
SL260,0,1,09/29/2015,12/28/2015,11/30/2015,12/28/2015,Bangalore
SL261,0,1,09/29/2015,10/29/2015,09/29/2015,10/29/2015,Bangalore
SL262,0,1,09/29/2015,09/30/2015,09/29/2015,09/30/2015,Bangalore
SL266,0,1,09/30/2015,10/02/2015,09/30/2015,10/02/2015,Bangalore
SL267,0,1,09/30/2015,10/01/2015,09/30/2015,10/01/2015,Bangalore
SL268,0,1,09/30/2015,10/01/2015,09/30/2015,10/01/2015,Bangalore
SL269,0,1,09/30/2015,10/02/2015,09/30/2015,10/02/2015,Bangalore
SL277,0,1,10/01/2015,12/30/2015,10/01/2015,10/31/2015,Bangalore
SL277,0,1,10/01/2015,12/30/2015,11/01/2015,12/01/2015,Bangalore
SL277,0,1,10/01/2015,12/30/2015,12/02/2015,12/30/2015,Bangalore
SL278,0,1,10/01/2015,12/30/2015,10/01/2015,10/31/2015,Bangalore
SL278,0,1,10/01/2015,12/30/2015,11/01/2015,12/01/2015,Bangalore
SL278,0,1,10/01/2015,12/30/2015,12/02/2015,12/30/2015,Bangalore
SL279,0,1,10/01/2015,12/30/2015,10/01/2015,10/31/2015,Bangalore
SL279,0,1,10/01/2015,12/30/2015,11/01/2015,12/01/2015,Bangalore
SL279,0,1,10/01/2015,12/30/2015,12/02/2015,12/30/2015,Bangalore
SL280,0,1,10/01/2015,10/31/2015,10/01/2015,10/31/2015,Bangalore
SL281,0,1,10/01/2015,10/03/2015,10/01/2015,10/03/2015,Bangalore
SL287,0,1,10/02/2015,12/31/2015,10/02/2015,11/01/2015,Bangalore
SL287,0,1,10/02/2015,12/31/2015,11/02/2015,12/02/2015,Bangalore
SL287,0,1,10/02/2015,12/31/2015,12/03/2015,12/31/2015,Bangalore
SL288,0,1,10/02/2015,12/31/2015,10/02/2015,11/01/2015,Bangalore
SL288,0,1,10/02/2015,12/31/2015,11/02/2015,12/02/2015,Bangalore
SL288,0,1,10/02/2015,12/31/2015,12/03/2015,12/31/2015,Bangalore
SL289,0,1,10/02/2015,10/03/2015,10/02/2015,10/03/2015,Bangalore
SL300,0,1,10/03/2015,01/01/2016,10/03/2015,11/02/2015,Bangalore
SL300,0,1,10/03/2015,01/01/2016,11/03/2015,12/03/2015,Bangalore
SL300,0,1,10/03/2015,01/01/2016,12/04/2015,01/01/2016,Bangalore
SL301,0,1,10/03/2015,01/01/2016,10/03/2015,11/02/2015,Bangalore
SL301,0,1,10/03/2015,01/01/2016,11/03/2015,12/03/2015,Bangalore
SL301,0,1,10/03/2015,01/01/2016,12/04/2015,01/01/2016,Bangalore
SL302,0,1,10/03/2015,11/02/2015,10/03/2015,11/02/2015,Bangalore
SL303,0,1,10/03/2015,10/04/2015,10/03/2015,10/04/2015,Bangalore
SL304,0,1,10/03/2015,10/04/2015,10/03/2015,10/04/2015,Bangalore
SL305,0,1,10/03/2015,10/04/2015,10/03/2015,10/04/2015,Bangalore
SL315,0,1,10/05/2015,01/03/2016,10/05/2015,11/04/2015,Bangalore
SL315,0,1,10/05/2015,01/03/2016,11/05/2015,12/05/2015,Bangalore
SL315,0,1,10/05/2015,01/03/2016,12/06/2015,01/03/2016,Bangalore
SL316,0,1,10/05/2015,10/06/2015,10/05/2015,10/06/2015,Bangalore
SL322,0,1,10/06/2015,11/05/2015,10/06/2015,11/05/2015,Bangalore
SL323,0,1,10/06/2015,10/07/2015,10/06/2015,10/07/2015,Bangalore
SL327,0,1,10/07/2015,11/06/2015,10/07/2015,11/06/2015,Bangalore
SL328,0,1,10/07/2015,01/05/2016,10/07/2015,11/06/2015,Bangalore
SL328,0,1,10/07/2015,01/05/2016,11/07/2015,12/07/2015,Bangalore
SL328,0,1,10/07/2015,01/05/2016,12/08/2015,01/05/2016,Bangalore
SL333,0,1,10/08/2015,11/07/2015,10/08/2015,11/07/2015,Bangalore
SL334,0,1,10/08/2015,10/09/2015,10/08/2015,10/09/2015,Bangalore
SL335,0,1,10/08/2015,10/09/2015,10/08/2015,10/09/2015,Bangalore
SL336,0,1,10/08/2015,10/09/2015,10/08/2015,10/09/2015,Bangalore
SL337,0,1,10/08/2015,10/09/2015,10/08/2015,10/09/2015,Bangalore
SL340,0,1,10/09/2015,01/07/2016,10/09/2015,11/08/2015,Bangalore
SL340,0,1,10/09/2015,01/07/2016,11/09/2015,12/09/2015,Bangalore
SL340,0,1,10/09/2015,01/07/2016,12/10/2015,01/07/2016,Bangalore
SL341,0,1,10/09/2015,01/07/2016,10/09/2015,11/08/2015,Bangalore
SL341,0,1,10/09/2015,01/07/2016,11/09/2015,12/09/2015,Bangalore
SL341,0,1,10/09/2015,01/07/2016,12/10/2015,01/07/2016,Bangalore
SL342,0,1,10/09/2015,01/07/2016,10/09/2015,11/08/2015,Bangalore
SL342,0,1,10/09/2015,01/07/2016,11/09/2015,12/09/2015,Bangalore
SL342,0,1,10/09/2015,01/07/2016,12/10/2015,01/07/2016,Bangalore
SL343,0,1,10/09/2015,10/10/2015,10/09/2015,10/10/2015,Bangalore
SL344,0,1,10/09/2015,10/10/2015,10/09/2015,10/10/2015,Bangalore
SL345,0,1,10/09/2015,10/10/2015,10/09/2015,10/10/2015,Bangalore
SL350,0,1,10/10/2015,01/08/2016,10/10/2015,11/09/2015,Bangalore
SL350,0,1,10/10/2015,01/08/2016,11/10/2015,12/10/2015,Bangalore
SL350,0,1,10/10/2015,01/08/2016,12/11/2015,01/08/2016,Bangalore
SL351,0,1,10/10/2015,01/08/2016,10/10/2015,11/09/2015,Bangalore
SL351,0,1,10/10/2015,01/08/2016,11/10/2015,12/10/2015,Bangalore
SL351,0,1,10/10/2015,01/08/2016,12/11/2015,01/08/2016,Bangalore
SL352,0,1,10/10/2015,10/11/2015,10/10/2015,10/11/2015,Bangalore
SL353,0,1,10/10/2015,10/11/2015,10/10/2015,10/11/2015,Bangalore
SL354,0,1,10/10/2015,10/11/2015,10/10/2015,10/11/2015,Bangalore
SL355,0,1,10/10/2015,10/11/2015,10/10/2015,10/11/2015,Bangalore
SL363,0,1,10/11/2015,01/09/2016,10/11/2015,11/10/2015,Bangalore
SL363,0,1,10/11/2015,01/09/2016,11/11/2015,12/11/2015,Bangalore
SL363,0,1,10/11/2015,01/09/2016,12/12/2015,01/09/2016,Bangalore
SL364,0,1,10/11/2015,01/09/2016,10/11/2015,11/10/2015,Bangalore
SL364,0,1,10/11/2015,01/09/2016,11/11/2015,12/11/2015,Bangalore
SL364,0,1,10/11/2015,01/09/2016,12/12/2015,01/09/2016,Bangalore
SL365,0,1,10/11/2015,01/09/2016,10/11/2015,11/10/2015,Bangalore
SL365,0,1,10/11/2015,01/09/2016,11/11/2015,12/11/2015,Bangalore
SL365,0,1,10/11/2015,01/09/2016,12/12/2015,01/09/2016,Bangalore
SL366,0,1,10/11/2015,10/13/2015,10/11/2015,10/13/2015,Bangalore
SL367,0,1,10/11/2015,10/18/2015,10/11/2015,10/18/2015,Bangalore
SL368,0,1,10/11/2015,10/12/2015,10/11/2015,10/12/2015,Bangalore
SL369,0,1,10/11/2015,10/18/2015,10/11/2015,10/18/2015,Bangalore
SL370,0,1,10/11/2015,10/12/2015,10/11/2015,10/12/2015,Bangalore
SL376,0,1,10/12/2015,01/10/2016,10/12/2015,11/11/2015,Bangalore
SL376,0,1,10/12/2015,01/10/2016,11/12/2015,12/12/2015,Bangalore
SL376,0,1,10/12/2015,01/10/2016,12/13/2015,01/10/2016,Bangalore
SL377,0,1,10/12/2015,01/10/2016,10/12/2015,11/11/2015,Bangalore
SL377,0,1,10/12/2015,01/10/2016,11/12/2015,12/12/2015,Bangalore
SL377,0,1,10/12/2015,01/10/2016,12/13/2015,01/10/2016,Bangalore
SL378,0,1,10/12/2015,01/10/2016,10/12/2015,11/11/2015,Bangalore
SL378,0,1,10/12/2015,01/10/2016,11/12/2015,12/12/2015,Bangalore
SL378,0,1,10/12/2015,01/10/2016,12/13/2015,01/10/2016,Bangalore
SL379,0,1,10/12/2015,10/13/2015,10/12/2015,10/13/2015,Bangalore
SL380,0,1,10/12/2015,10/13/2015,10/12/2015,10/13/2015,Bangalore
SL381,0,1,10/12/2015,10/13/2015,10/12/2015,10/13/2015,Bangalore
SL382,0,1,10/12/2015,10/13/2015,10/12/2015,10/13/2015,Bangalore
SL383,0,1,10/12/2015,11/11/2015,10/12/2015,11/11/2015,Bangalore
SL384,0,1,10/12/2015,10/13/2015,10/12/2015,10/13/2015,Bangalore
SL385,0,1,10/12/2015,10/13/2015,10/12/2015,10/13/2015,Bangalore
SL1217,0,1,11/03/2015,03/02/2016,11/03/2015,12/03/2015,Bangalore
SL1217,0,1,11/03/2015,03/02/2016,12/04/2015,01/03/2016,Bangalore
SL1217,0,1,11/03/2015,03/02/2016,01/04/2016,02/03/2016,Bangalore
SL1217,0,1,11/03/2015,03/02/2016,02/04/2016,03/02/2016,Bangalore
SL1452,0,1,12/21/2015,07/16/2016,12/21/2015,01/20/2016,Bangalore
SL1452,0,1,12/21/2015,07/16/2016,01/21/2016,02/20/2016,Bangalore
SL1452,0,1,12/21/2015,07/16/2016,02/21/2016,03/22/2016,Bangalore
SL1452,0,1,12/21/2015,07/16/2016,03/23/2016,04/22/2016,Bangalore
SL1452,0,1,12/21/2015,07/16/2016,04/23/2016,05/23/2016,Bangalore
SL1452,0,1,12/21/2015,07/16/2016,05/24/2016,06/23/2016,Bangalore
SL1452,0,1,12/21/2015,07/16/2016,06/24/2016,07/16/2016,Bangalore
SL4316,0,1,09/21/2016,10/21/2016,09/21/2016,10/21/2016,Bangalore
SL4317,0,1,09/17/2016,10/17/2016,09/17/2016,10/17/2016,Bangalore
SL4348,0,1,09/22/2016,10/04/2016,09/22/2016,10/04/2016,Bangalore
SL4381,0,1,09/23/2016,10/23/2016,09/23/2016,10/23/2016,Bangalore
SL4681,0,1,09/21/2016,10/21/2016,09/21/2016,10/21/2016,Bangalore
SL4738,0,1,09/15/2016,11/14/2016,09/15/2016,10/15/2016,Bangalore
SL4738,0,1,09/15/2016,11/14/2016,10/16/2016,11/14/2016,Bangalore
SL5319,0,1,09/22/2016,11/07/2016,09/22/2016,10/22/2016,Bangalore
SL5319,0,1,09/22/2016,11/07/2016,10/23/2016,11/07/2016,Bangalore
SL5520,0,1,11/03/2016,12/03/2016,11/03/2016,12/03/2016,Bangalore
SL5703,0,1,11/10/2016,12/10/2016,11/10/2016,12/10/2016,Bangalore
SL6132,0,1,11/19/2016,12/19/2016,11/19/2016,12/19/2016,Bangalore
SL6244,0,1,11/23/2016,01/22/2017,11/23/2016,12/23/2016,Bangalore
SL6244,0,1,11/23/2016,01/22/2017,12/24/2016,01/22/2017,Bangalore
SL6855,0,1,12/21/2016,02/21/2017,12/21/2016,01/20/2017,Bangalore
SL6855,0,1,12/21/2016,02/21/2017,01/21/2017,02/21/2017,Bangalore
SL6997,0,1,12/30/2016,06/30/2017,12/30/2016,01/29/2017,Bangalore
SL6997,0,1,12/30/2016,06/30/2017,01/30/2017,03/01/2017,Bangalore
SL6997,0,1,12/30/2016,06/30/2017,03/02/2017,04/01/2017,Bangalore
SL6997,0,1,12/30/2016,06/30/2017,04/02/2017,05/02/2017,Bangalore
SL6997,0,1,12/30/2016,06/30/2017,05/03/2017,06/02/2017,Bangalore
SL6997,0,1,12/30/2016,06/30/2017,06/03/2017,06/30/2017,Bangalore
SLB1253161,0,1,07/15/2017,08/13/2017,07/15/2017,08/13/2017,Bangalore
SLB27287329,0,1,05/13/2017,07/12/2017,05/13/2017,06/12/2017,Bangalore
SLB27287329,0,1,05/13/2017,07/12/2017,06/13/2017,07/12/2017,Bangalore
SLB36502009,0,1,04/01/2017,09/27/2017,04/01/2017,05/01/2017,Bangalore
SLB36502009,0,1,04/01/2017,09/27/2017,05/02/2017,06/01/2017,Bangalore
SLB36502009,0,1,04/01/2017,09/27/2017,06/02/2017,07/02/2017,Bangalore
SLB36502009,0,1,04/01/2017,09/27/2017,07/03/2017,08/02/2017,Bangalore
SLB36502009,0,1,04/01/2017,09/27/2017,08/03/2017,09/02/2017,Bangalore
SLB36502009,0,1,04/01/2017,09/27/2017,09/03/2017,09/27/2017,Bangalore
SLB81913180,0,1,10/14/2017,11/13/2017,10/14/2017,11/13/2017,Bangalore
SLB82838226,0,1,05/06/2017,06/04/2017,05/06/2017,06/04/2017,Bangalore
SLB90244936,0,1,09/30/2017,12/29/2017,09/30/2017,10/30/2017,Bangalore
SLB90244936,0,1,09/30/2017,12/29/2017,10/31/2017,11/30/2017,Bangalore
SLB90244936,0,1,09/30/2017,12/29/2017,12/01/2017,12/29/2017,Bangalore
SLB99701642,0,1,05/05/2017,06/03/2017,05/05/2017,06/03/2017,Bangalore
SL11995,0,1,05/04/2017,06/03/2017,05/04/2017,06/03/2017,Hyderabad
SLH5317239,0,1,07/03/2017,11/30/2017,07/03/2017,08/02/2017,Hyderabad
SLH5317239,0,1,07/03/2017,11/30/2017,08/03/2017,09/02/2017,Hyderabad
SLH5317239,0,1,07/03/2017,11/30/2017,09/03/2017,10/03/2017,Hyderabad
SLH5317239,0,1,07/03/2017,11/30/2017,10/04/2017,11/03/2017,Hyderabad
SLH5317239,0,1,07/03/2017,11/30/2017,11/04/2017,11/30/2017,Hyderabad
SLH22149557,0,1,05/17/2017,06/16/2017,05/17/2017,06/16/2017,Hyderabad
SLH44727392,0,1,05/15/2017,07/13/2017,05/15/2017,06/14/2017,Hyderabad
SLH44727392,0,1,05/15/2017,07/13/2017,06/15/2017,07/13/2017,Hyderabad
SLH45803004,0,1,04/19/2017,05/18/2017,04/19/2017,05/18/2017,Hyderabad
SLH57801072,0,1,07/03/2017,10/01/2017,07/03/2017,08/02/2017,Hyderabad
SLH57801072,0,1,07/03/2017,10/01/2017,08/03/2017,09/02/2017,Hyderabad
SLH57801072,0,1,07/03/2017,10/01/2017,09/03/2017,10/01/2017,Hyderabad
SLH74470000,0,1,07/17/2017,08/16/2017,07/17/2017,08/16/2017,Hyderabad
SLH79063451,0,1,07/02/2017,08/01/2017,07/02/2017,08/01/2017,Hyderabad
SL1134,0,1,12/21/2015,12/22/2015,12/21/2015,12/22/2015,Bangalore
SL1011,0,1,09/07/2015,12/07/2015,09/07/2015,10/07/2015,Bangalore
SL1011,0,1,09/07/2015,12/07/2015,10/08/2015,11/07/2015,Bangalore
SL1011,0,1,09/07/2015,12/07/2015,11/08/2015,12/07/2015,Bangalore
SL1134,0,1,10/14/2015,01/14/2016,10/14/2015,11/13/2015,Bangalore
SL1134,0,1,10/14/2015,01/14/2016,11/14/2015,12/14/2015,Bangalore
SL1134,0,1,10/14/2015,01/14/2016,12/15/2015,01/14/2016,Bangalore
SL3686,0,1,08/21/2016,12/30/2016,08/21/2016,09/20/2016,Bangalore
SL3686,0,1,08/21/2016,12/30/2016,09/21/2016,10/21/2016,Bangalore
SL3686,0,1,08/21/2016,12/30/2016,10/22/2016,11/21/2016,Bangalore
SL3686,0,1,08/21/2016,12/30/2016,11/22/2016,12/22/2016,Bangalore
SL3686,0,1,08/21/2016,12/30/2016,12/23/2016,12/30/2016,Bangalore
SL3691,0,1,08/21/2016,09/21/2016,08/21/2016,09/21/2016,Bangalore
SL3695,0,1,08/23/2016,09/23/2016,08/23/2016,09/23/2016,Bangalore
SL3716,0,1,08/16/2016,09/15/2016,08/16/2016,09/15/2016,Bangalore
SL3718,0,1,08/18/2016,09/17/2016,08/18/2016,09/17/2016,Bangalore
SL3720,0,1,08/22/2016,09/21/2016,08/22/2016,09/21/2016,Bangalore
SL3721,0,1,08/22/2016,09/22/2016,08/22/2016,09/22/2016,Bangalore
SL3727,0,1,08/23/2016,09/22/2016,08/23/2016,09/22/2016,Bangalore
SL5242,0,1,10/04/2016,11/03/2016,10/04/2016,11/03/2016,Bangalore
SL5245,0,1,10/09/2016,11/19/2016,10/09/2016,11/08/2016,Bangalore
SL5245,0,1,10/09/2016,11/19/2016,11/09/2016,11/19/2016,Bangalore
SL5246,0,1,10/11/2016,11/10/2016,10/11/2016,11/10/2016,Bangalore
SL5254,0,1,10/24/2016,11/23/2016,10/24/2016,11/23/2016,Bangalore
SL5255,0,1,10/22/2016,12/21/2016,10/22/2016,11/21/2016,Bangalore
SL5255,0,1,10/22/2016,12/21/2016,11/22/2016,12/21/2016,Bangalore
SL10126,0,1,04/05/2017,05/05/2017,04/05/2017,05/05/2017,Bangalore
SL10134,0,1,03/02/2017,04/01/2017,03/02/2017,04/01/2017,Bangalore
SL10143,0,1,04/06/2017,05/06/2017,04/06/2017,05/06/2017,Bangalore
SL11333,0,1,04/17/2017,10/14/2017,04/17/2017,05/17/2017,Bangalore
SL11333,0,1,04/17/2017,10/14/2017,05/18/2017,06/17/2017,Bangalore
SL11333,0,1,04/17/2017,10/14/2017,06/18/2017,07/18/2017,Bangalore
SL11333,0,1,04/17/2017,10/14/2017,07/19/2017,08/18/2017,Bangalore
SL11333,0,1,04/17/2017,10/14/2017,08/19/2017,09/18/2017,Bangalore
SL11333,0,1,04/17/2017,10/14/2017,09/19/2017,10/14/2017,Bangalore
SL11338,0,1,04/17/2017,09/30/2017,04/17/2017,05/17/2017,Bangalore
SL11338,0,1,04/17/2017,09/30/2017,05/18/2017,06/17/2017,Bangalore
SL11338,0,1,04/17/2017,09/30/2017,06/18/2017,07/18/2017,Bangalore
SL11338,0,1,04/17/2017,09/30/2017,07/19/2017,08/18/2017,Bangalore
SL11338,0,1,04/17/2017,09/30/2017,08/19/2017,09/18/2017,Bangalore
SL11338,0,1,04/17/2017,09/30/2017,09/19/2017,09/30/2017,Bangalore
SL11365,0,1,04/16/2017,07/15/2017,04/16/2017,05/16/2017,Bangalore
SL11365,0,1,04/16/2017,07/15/2017,05/17/2017,06/16/2017,Bangalore
SL11365,0,1,04/16/2017,07/15/2017,06/17/2017,07/15/2017,Bangalore
SL11377,0,1,04/14/2017,05/13/2017,04/14/2017,05/13/2017,Bangalore
SL11384,0,1,04/17/2017,10/14/2017,04/17/2017,05/17/2017,Bangalore
SL11384,0,1,04/17/2017,10/14/2017,05/18/2017,06/17/2017,Bangalore
SL11384,0,1,04/17/2017,10/14/2017,06/18/2017,07/18/2017,Bangalore
SL11384,0,1,04/17/2017,10/14/2017,07/19/2017,08/18/2017,Bangalore
SL11384,0,1,04/17/2017,10/14/2017,08/19/2017,09/18/2017,Bangalore
SL11384,0,1,04/17/2017,10/14/2017,09/19/2017,10/14/2017,Bangalore
SL10004,0,1,03/20/2017,04/19/2017,03/20/2017,04/19/2017,Hyderabad
SL10046,0,1,04/04/2017,05/04/2017,04/04/2017,05/04/2017,Hyderabad
SL10058,0,1,04/04/2017,07/03/2017,04/04/2017,05/04/2017,Hyderabad
SL10058,0,1,04/04/2017,07/03/2017,05/05/2017,06/04/2017,Hyderabad
SL10058,0,1,04/04/2017,07/03/2017,06/05/2017,07/03/2017,Hyderabad
SL10070,0,1,04/04/2017,07/03/2017,04/04/2017,05/04/2017,Hyderabad
SL10070,0,1,04/04/2017,07/03/2017,05/05/2017,06/04/2017,Hyderabad
SL10070,0,1,04/04/2017,07/03/2017,06/05/2017,07/03/2017,Hyderabad
SL10092,0,1,04/03/2017,07/02/2017,04/03/2017,05/03/2017,Hyderabad
SL10092,0,1,04/03/2017,07/02/2017,05/04/2017,06/03/2017,Hyderabad
SL10092,0,1,04/03/2017,07/02/2017,06/04/2017,07/02/2017,Hyderabad
SL11335,0,1,04/15/2017,05/15/2017,04/15/2017,05/15/2017,Hyderabad
SL11364,0,1,04/17/2017,05/17/2017,04/17/2017,05/17/2017,Hyderabad
SL11366,0,1,04/18/2017,07/17/2017,04/18/2017,05/18/2017,Hyderabad
SL11366,0,1,04/18/2017,07/17/2017,05/19/2017,06/18/2017,Hyderabad
SL11366,0,1,04/18/2017,07/17/2017,06/19/2017,07/17/2017,Hyderabad
SL99765989,1,1,04/26/2017,10/23/2017,04/26/2017,05/26/2017,Hyderabad
SL99765989,1,1,04/26/2017,10/23/2017,05/27/2017,06/26/2017,Hyderabad
SL99765989,1,1,04/26/2017,10/23/2017,06/27/2017,07/27/2017,Hyderabad
SL99765989,1,1,04/26/2017,10/23/2017,07/28/2017,08/27/2017,Hyderabad
SL99765989,1,1,04/26/2017,10/23/2017,08/28/2017,09/27/2017,Hyderabad
SL99765989,1,1,04/26/2017,10/23/2017,09/28/2017,10/23/2017,Hyderabad
SL99833775,0,1,03/05/2017,04/04/2017,03/05/2017,04/04/2017,Hyderabad
SL99854931,0,1,04/19/2017,08/17/2017,04/19/2017,05/19/2017,Hyderabad
SL99854931,0,1,04/19/2017,08/17/2017,05/20/2017,06/19/2017,Hyderabad
SL99854931,0,1,04/19/2017,08/17/2017,06/20/2017,07/20/2017,Hyderabad
SL99854931,0,1,04/19/2017,08/17/2017,07/21/2017,08/17/2017,Hyderabad
SL99878606,0,1,03/25/2017,09/21/2017,03/25/2017,04/24/2017,Hyderabad
SL99878606,0,1,03/25/2017,09/21/2017,04/25/2017,05/25/2017,Hyderabad
SL99878606,0,1,03/25/2017,09/21/2017,05/26/2017,06/25/2017,Hyderabad
SL99878606,0,1,03/25/2017,09/21/2017,06/26/2017,07/26/2017,Hyderabad
SL99878606,0,1,03/25/2017,09/21/2017,07/27/2017,08/26/2017,Hyderabad
SL99878606,0,1,03/25/2017,09/21/2017,08/27/2017,09/21/2017,Hyderabad
SL99915921,1,1,04/25/2017,04/14/2020,04/25/2017,05/25/2017,Hyderabad
SL99915921,1,1,04/25/2017,04/14/2020,05/26/2017,06/25/2017,Hyderabad
SL99915921,1,1,04/25/2017,04/14/2020,06/26/2017,07/26/2017,Hyderabad
SL99915921,1,1,04/25/2017,04/14/2020,07/27/2017,08/26/2017,Hyderabad
SL99915921,1,1,04/25/2017,04/14/2020,08/27/2017,09/26/2017,Hyderabad
SL99915921,1,1,04/25/2017,04/14/2020,09/27/2017,10/27/2017,Hyderabad
SL99915921,1,1,04/25/2017,04/14/2020,10/28/2017,11/27/2017,Hyderabad
SL99915921,1,1,04/25/2017,04/14/2020,11/28/2017,12/28/2017,Hyderabad
SL99915921,1,1,04/25/2017,04/14/2020,12/29/2017,01/28/2018,Hyderabad
SL99915921,1,1,04/25/2017,04/14/2020,01/29/2018,02/28/2018,Hyderabad
SL99915921,1,1,04/25/2017,04/14/2020,03/01/2018,03/31/2018,Hyderabad
SL99915921,1,1,04/25/2017,04/14/2020,04/01/2018,05/01/2018,Hyderabad
SL99915921,1,1,04/25/2017,04/14/2020,05/02/2018,06/01/2018,Hyderabad
SL99915921,1,1,04/25/2017,04/14/2020,06/02/2018,07/02/2018,Hyderabad
SL99915921,1,1,04/25/2017,04/14/2020,07/03/2018,08/02/2018,Hyderabad
SL99915921,1,1,04/25/2017,04/14/2020,08/03/2018,09/02/2018,Hyderabad
SL99915921,1,1,04/25/2017,04/14/2020,09/03/2018,10/03/2018,Hyderabad
SL99915921,1,1,04/25/2017,04/14/2020,10/04/2018,11/03/2018,Hyderabad
SL99915921,1,1,04/25/2017,04/14/2020,11/04/2018,12/04/2018,Hyderabad
SL99915921,1,1,04/25/2017,04/14/2020,12/05/2018,01/04/2019,Hyderabad
SL99915921,1,1,04/25/2017,04/14/2020,01/05/2019,02/04/2019,Hyderabad
SL99915921,1,1,04/25/2017,04/14/2020,02/05/2019,03/07/2019,Hyderabad
SL99915921,1,1,04/25/2017,04/14/2020,03/08/2019,04/07/2019,Hyderabad
SL99915921,1,1,04/25/2017,04/14/2020,04/08/2019,05/08/2019,Hyderabad
SL99915921,1,1,04/25/2017,04/14/2020,05/09/2019,06/08/2019,Hyderabad
SL99915921,1,1,04/25/2017,04/14/2020,06/09/2019,07/09/2019,Hyderabad
SL99915921,1,1,04/25/2017,04/14/2020,07/10/2019,08/09/2019,Hyderabad
SL99915921,1,1,04/25/2017,04/14/2020,08/10/2019,09/09/2019,Hyderabad
SL99915921,1,1,04/25/2017,04/14/2020,09/10/2019,10/10/2019,Hyderabad
SL99915921,1,1,04/25/2017,04/14/2020,10/11/2019,11/10/2019,Hyderabad
SL99915921,1,1,04/25/2017,04/14/2020,11/11/2019,12/11/2019,Hyderabad
SL99915921,1,1,04/25/2017,04/14/2020,12/12/2019,01/11/2020,Hyderabad
SL99915921,1,1,04/25/2017,04/14/2020,01/12/2020,02/11/2020,Hyderabad
SL99915921,1,1,04/25/2017,04/14/2020,02/12/2020,03/13/2020,Hyderabad
SL99915921,1,1,04/25/2017,04/14/2020,03/14/2020,04/14/2020,Hyderabad
